ID,Nombre / Título de la Fuente,Tipo de Fuente,Área Temática Principal
1,"""TRABAJO EN EQUIPO Y CLIMA ORGANIZACIONAL (Estudio realizado en colaboradores del Hotel del Campo de Quetzaltenango)""",PDF,Trabajo en Equipo y Clima Organizacional
2,1.10 LA COMUNICACIÓN EDUCATIVA EDUCATIONAL COMMUNICATION Autora: Lizett Guerra Lorenzo. GRUPO - Editorial Redipe,PDF,Comunicación Educativa
3,20 tipos de liderazgo y ejemplos reales · [2025] - Victor Hugo Manzanilla,URL,Modelos de Liderazgo
4,5 modelos de toma de decisiones que probar si te atascas | The Workstream - Atlassian,URL,Toma de Decisiones y Gestión
5,700-Dinámicas-grupales.pdf - Campus Educativo,PDF,Dinámicas de Grupo y Trabajo Colaborativo
6,Análisis Del Liderazgo Inclusivo Femenino En La Educación Superior En Colombia 2020-2025 - Control Visible,PDF,Liderazgo Inclusivo y Equidad de Género
7,Aprendizaje Colaborativo y Cooperativo,PDF,Aprendizaje Colaborativo
8,"Aprendizaje colaborativo en la educación superior: una revisión sistemática sobre fundamentos, prácticas y desafíos actuales (2021-2025)",URL,Aprendizaje Colaborativo
9,Apuntes acerca de la comunicación educativa y concepciones en función de los procesos formativos en línea - Dialnet,PDF,Comunicación Educativa y Entornos Virtuales
10,Avances y desafíos de la gestión de la ética pública en América Latina - Revista Española de la Transparencia,PDF,Ética Pública y Gestión
11,Diferencia entre el jefe y el líder: guía y ejemplos [2026] - Asana,URL,Liderazgo vs Gestión
12,Diferencia entre grupo y equipo: qué son y en qué se distinguen - Asana,URL,Trabajo en Equipo
13,Dinámicas de trabajo colaborativo - AulaPlaneta,PDF,Dinámicas de Grupo y Trabajo Colaborativo
14,EL LIDERAZGO EN LAS INSTITUCIONES EDUCATIVAS - Ciencia Latina Revista Científica Multidisciplinar,PDF,Liderazgo Educativo
15,"Educomunicación - Wikipedia, la enciclopedia libre",URL,Educomunicación
16,"El docente como influencer: Redes sociales, ética e imagen profesional en la era digital",URL,"Ética, Docencia y Comunicación Digital"
17,El trabajo en equipo en el aula virtual universitaria: una experiencia educativa destacable y favorable,PDF,Trabajo en Equipo y Entornos Virtuales
18,Equipos remotos: liderazgo y gestión eficaz - WorkMeter,URL,Equipos Remotos y Liderazgo
19,Estudio comparativo de la Influencia del estilo de liderazgo y la congruencia de valores en la eficacia de empresas privadas e Instituciones Públicas - SciELO,URL,Estilos de Liderazgo y Eficacia
20,Guía para Gerentes: ¿Cómo resolver Conflictos Laborales?,URL,Resolución de Conflictos
21,Habilidades directivas más buscadas en 2026 | Liderazgo UIE,URL,Habilidades Directivas y Liderazgo
22,Impacto del liderazgo transformacional en entornos educativos: revisión sistemática de las prácticas y resultados - Impulso,PDF,Liderazgo Transformacional
23,Influencia del liderazgo ético sobre la cultura organizacional ética. Estudio de caso en una organización colombiana - Redalyc,PDF,Liderazgo Ético
24,Inteligencia emocional y liderazgo en las organizaciones - Dialnet,PDF,Inteligencia Emocional y Liderazgo
25,LIDERAZGO PARA UN SERVICIO PÚBLICO DE ALTO RENDIMIENTO: HACIA UN SISTEMA SENIOR DE ADMINISTRACIÓN PÚBLICA EN AMÉRICA LATINA,PDF,Liderazgo Público
26,La comunicación no verbal en el aula - Dialnet,PDF,Comunicación Educativa y No Verbal
27,"La educomunicación en Latinoamérica: claves del pasado, retos del futuro - Dialnet",URL,Educomunicación
28,La inteligencia emocional y el trabajo en equipo - ADR Formación,URL,Inteligencia Emocional y Trabajo en Equipo
29,Las 5 Cs del trabajo en equipo - Cerem Global Business School,URL,Trabajo en Equipo
30,Las mejores herramientas de comunicación para equipos remotos en 2026: La guía completa - BridgeApp,URL,Equipos Remotos y Comunicación
31,Liderazgo 7.0: un modelo integrador basado en revisión sistemática de enfoques contemporáneos - Universidad Icesi,PDF,Modelos de Liderazgo
32,Liderazgo distribuido en escuelas públicas y relación con sus categorías de desempeño,URL,Liderazgo Distribuido
33,Liderazgo situacional: el modelo de Hersey y Blanchard explicado paso a paso,URL,Liderazgo Situacional
34,Liderazgo transformacional en las organizaciones sanitarias. Una revisión bibliográfica. - Dialnet,PDF,Liderazgo Transformacional
35,Liderazgo y Equidad Escolar,Markdown / Nota,Liderazgo Educativo y Equidad
36,Los desafíos del trabajo en equipo y el aprendizaje en entornos virtuales - UNVM,PDF,Trabajo en Equipo y Entornos Virtuales
37,Modelos de madurez de equipos: Las etapas de Tuckman - Cátedra Viewnext USAL,URL,Desarrollo de Equipos
38,Modelos teóricos contemporáneos de la comunicación educativa y su influencia en el proceso de enseñanza-aprendizaje,PDF,Comunicación Educativa
39,"Mujeres en el liderazgo: rompiendo barreras, construyendo el futuro - Revistas UAQ",PDF,Liderazgo e Inclusión
40,"Neurociencia del liderazgo, ética del carácter y resiliencia estratégica: La tríada de la coherencia ejecutiva - Revistas Ulatina",PDF,Neurociencia y Liderazgo Ético
41,Roles de Equipo Belbin,URL,Roles de Equipo
42,Tendencias de investigación en comunicación-educación y tecnologías digitales | Virtualis,URL,Comunicación Educativa y Tecnología
43,Trabajo en equipo como estrategia de aprendizaje en las ciencias sociales,URL,Trabajo en Equipo
44,"Trabajo en equipo: ventajas, 5 C y aplicación práctica [2026] - Asana",URL,Trabajo en Equipo
45,TÉCNICAS PARA PROMOVER LA COMUNICACIÓN ASERTIVA Y FORTALECER LAS RELACIONES INTERPERSONALES EN EL ENTORNO EDUCATIVO,PDF,Comunicación Asertiva
46,Técnicas para implementar el trabajo en equipo en las empresas - Repositorio UniLibre,PDF,Trabajo en Equipo
47,kaplun-el_comunicador_popular_0.pdf - Facultad de Periodismo y Comunicación Social,PDF,Educomunicación y Comunicación Popular
48,liderazgo transformacional en el fortalecimiento de políticas y programas en la educación superior: un estudio - Ibero Ciencias,PDF,Liderazgo Transformacional
49,¿Gestión y liderazgo son lo mismo?,URL,Liderazgo vs Gestión
50,¿Qué es el liderazgo transformacional? | Harvard Deusto las revistas,URL,Liderazgo Transformacional
